ID,label
0,2
4,4
7,1
14,2
15,1
18,4
19,2
23,1
30,1
34,4
42,1
44,2
46,2
47,9
51,1
56,2
59,1
60,2
63,1
65,2
66,1
67,2
72,2
75,4
80,4
81,4
85,2
92,1
101,2
111,1
114,4
116,2
122,1
123,4
125,4
129,2
132,2
143,4
163,4
167,2
169,2
171,4
179,1
180,4
188,2
193,1
200,1
208,2
213,4
221,4
235,1
243,2
250,4
261,2
265,1
270,2
276,4
282,2
285,2
289,1
308,1
311,2
318,2
326,1
328,1
337,9
349,4
362,9
442,4
451,1
490,2
515,2
537,4
587,4
638,9
652,2
657,4
661,1
814,9
828,2
830,1
839,4
852,2
862,3
894,1
912,4
933,1
934,2
937,1
939,1
948,1
963,4
975,4
993,4
1002,2
1061,3
1071,9
1076,9
1091,4
1097,4
1122,1
1124,9
1126,2
1129,2
1132,3
1133,1
1146,1
1150,2
1154,2
1157,2
1160,1
1162,9
1165,1
1166,9
1178,9
1179,3
1180,9
1182,9
1185,3
1187,3
1189,9
1195,2
1199,9
1207,2
1209,9
1213,9
1215,9
1219,3
1220,1
1225,1
1226,9
1228,9
1235,3
1239,9
1245,1
1247,4
1249,1
1258,9
1262,9
1267,3
1283,1
1292,2
1298,9
1336,1
1343,1
1731,1
1817,3
2099,9
2892,3
4649,7
5380,7
5468,1
5476,1
5519,1
5563,1
5581,1
5590,1
5591,1
5754,1
5759,1
5761,1
5827,1
5831,3
5874,1
5882,1
5916,1
5922,1
5928,1
5980,1
5987,1
6013,1
6086,1
6114,1
6143,3
6148,1
6191,1
6213,1
6214,1
6263,1
6311,9
6325,1
6349,1
6365,1
6391,1
6414,1
6424,3
6521,1
6524,1
6526,9
6530,1
6608,1
6668,1
6705,1
6707,1
6722,1
6826,1
6882,1
6907,1
6916,9
6921,1
6925,1
6982,1
6996,9
7000,1
7019,1
7068,1
7071,3
7088,1
7148,1
7177,1
7245,1
7247,1
7259,9
7336,1
7353,1
7387,1
7388,1
7396,1
7444,1
7455,1
7528,1
7547,1
7561,1
7589,1
7590,1
7630,1
7665,1
7677,1
7688,1
7717,9
7722,1
7738,1
7747,1
7753,1
7805,1
7819,1
7853,1
7915,1
7919,1
7941,1
7949,1
7975,1
7998,1
8014,1
8080,1
8105,1
8119,1
8205,1
8216,1
8230,1
8234,1
8242,1
8260,1
8261,1
8290,1
8295,1
8421,1
8432,1
8471,1
8520,1
8524,1
8560,1
8629,1
8630,1
8654,1
8657,1
8717,1
8738,1
8739,1
8760,1
8821,1
8825,1
8978,9
8998,9
9001,9
9021,9
9065,9
9092,9
9145,9
9171,9
9205,9
9219,9
9268,9
9273,9
9304,9
9314,9
9356,9
9375,9
9419,4
9453,1
9498,1
9524,9
9543,4
9577,4
9638,9
9656,9
9661,9
9687,3
9842,4
9847,4
9871,3
9901,1
9910,3
10481,1
10745,9
10784,1
10786,1
10787,3
10845,3
10909,1
10939,1
11492,9
11738,2
11763,3
11827,1
11881,3
11955,3
11972,3
12033,3
12105,3
12126,3
12203,3
12376,3
12408,1
12506,3
12560,3
12575,1
12588,1
12607,3
12649,3
12660,3
12724,1
12741,1
12743,1
12798,9
12910,3
12943,9
12982,3
12987,9
12988,1
12994,3
13034,9
13076,1
13114,3
13130,1
13215,1
13217,9
13222,1
13236,9
13244,9
13260,1
13275,1
13410,1
13416,1
13421,1
13603,9
13638,3
13871,3
13963,1
14008,9
14129,1
14251,3
14320,9
14529,1
14722,9
14747,3
14755,9
15238,1
15372,1
15456,1
15524,1
15737,1
15774,1
16045,1
16049,3
16069,1
16147,9
16229,1
16236,1
16242,1
16325,1
16439,1
16475,3
16480,9
16482,3
16505,3
16536,1
16626,1
16731,1
16893,2
16940,8
17078,8
17112,3
17144,3
17191,8
17193,1
17329,4
17392,4
17398,3
17643,8
17721,3
17744,9
17887,3
17909,4
17992,3
18001,3
18044,3
18058,4
18060,3
18068,3
18078,3
18134,1
18298,2
18302,4
18385,5
18495,4
18547,9
18639,9
18775,1
18784,4
18804,4
18827,1
18849,1
18855,1
18866,1
18867,1
18877,1
18882,1
18906,1
18919,1
18988,1
19110,1
19192,1
19203,1
19204,1
19236,3
19241,1
19260,9
19261,1
19266,1
19285,1
19288,1
19295,1
19309,4
19318,1
19320,1
19323,1
19330,1
19341,1
19342,1
19348,1
19379,1
19409,1
19413,1
19420,1
19465,1
19472,1
19488,1
19494,3
19508,1
19533,1
19545,1
19549,1
19554,1
19574,1
19588,1
19612,1
19803,1
19921,1
19995,1
20001,4
20005,4
20008,4
20012,4
20013,4
20015,4
20020,4
20144,4
20161,4
20163,4
20165,4
20188,4
20189,4
20190,4
20192,4
20199,4
20206,4
20207,4
20212,4
21115,4
21189,4
21190,4
21194,4
21196,4
21198,4
21862,4
21876,4
21880,4
22758,1
22921,2
23494,9
23803,2
23863,2
23975,2
24155,2
24469,9
24477,9
24964,9
25491,1
26224,9
26232,9
26243,9
26262,9
26265,1
26312,1
26368,9
26409,9
26455,9
26987,9
27142,9
27299,9
27337,9
27361,9
27516,3
27581,9
27612,9
27664,9
27745,9
27782,9
27788,9
27970,9
28017,3
28066,9
28799,3
28800,3
29232,9
29345,9
29408,9
29738,3
30488,9
30875,9
31406,2
35105,9
35117,9
35165,9
35203,9
35226,9
35243,9
35461,9
35536,9
35593,1
35601,1
35674,1
35708,1
35737,1
35744,1
35759,1
35786,1
35794,1
35828,1
35832,1
35875,7
35877,1
35883,1
35894,1
35901,1
35947,1
35980,1
35997,7
36009,1
36088,1
36092,1
36118,1
36132,1
36214,1
36269,1
36283,1
36284,1
36310,1
36311,1
36338,1
36341,1
36383,1
36386,1
36388,7
36477,1
36506,1
36528,1
36544,1
36599,1
36642,1
36660,1
36692,1
36700,1
36719,1
36730,1
36808,7
36834,1
36862,1
36883,1
36891,1
36903,1
36940,1
36987,1
36996,1
37007,1
37010,1
37029,1
37060,1
37063,1
37094,1
37136,1
37165,1
37181,1
37194,1
37300,1
37310,1
37330,1
37338,1
37345,1
37372,1
37378,1
37382,1
37394,1
37419,7
37420,7
37457,1
37482,1
37511,1
37513,1
37563,1
37573,1
37581,1
37593,1
37602,1
37620,1
37656,1
37676,1
37686,1
37722,7
37743,1
37767,1
37769,1
37794,1
37818,1
37867,7
37885,1
37889,1
37916,1
37929,1
37930,1
37962,1
37974,1
37988,1
38042,1
38059,1
38092,1
38114,1
38152,1
38155,1
38161,1
38220,1
38237,1
38259,1
38279,1
38296,1
38310,1
38343,1
38440,1
38463,1
38482,1
38516,1
38518,1
45063,3
45099,3
45107,3
45117,3
45172,3
45180,3
45194,3
45219,3
45239,3
45271,3
45296,3
45301,3
45321,3
45327,3
45335,3
45368,3
45392,3
45394,3
45403,3
45412,3
45467,3
45489,3
45505,3
45507,3
45513,3
45514,3
45524,3
45541,3
45605,3
45609,3
45619,3
45632,9
45698,3
45728,3
45756,3
45766,4
45859,3
45883,3
45887,3
45888,3
45921,3
45970,3
45987,3
46004,3
46005,4
46025,3
46038,3
46047,3
46058,3
46059,3
46080,3
46082,3
46101,4
46126,3
46183,3
46198,3
46209,3
46243,3
46274,3
46281,3
46291,3
46296,3
46297,3
46331,3
46374,3
46379,3
46391,3
46464,3
46476,3
46490,3
46547,3
46557,3
46572,3
46602,3
46604,3
46619,3
46659,3
46666,3
46667,3
46693,3
46697,3
46723,3
46767,3
46769,3
46785,3
46838,3
46904,3
46916,3
46926,3
46938,3
46952,3
46971,3
46990,3
46995,3
47026,3
47057,3
47109,3
47129,3
47130,3
47152,3
47225,3
47226,3
47235,3
47281,3
47294,3
47314,3
47318,3
47394,3
47409,3
47454,3
47456,4
47461,3
47511,3
47554,3
47606,3
47637,3
47654,3
47657,3
47663,3
47673,3
47693,3
47714,3
47717,3
47723,3
47728,3
47730,3
47733,3
47755,3
47782,3
47797,3
47819,3
47881,3
47902,3
47910,3
47912,3
47918,3
47921,3
47946,3
47950,3
47960,3
48016,3
48022,3
48024,3
48045,3
48139,3
48143,3
48208,3
48232,3
48279,3
48303,3
48319,3
48341,3
48350,3
48409,3
48426,3
48438,3
48455,3
48511,3
48519,3
48532,3
48580,3
48590,8
48603,3
48676,3
48716,3
48720,3
48722,3
48739,3
48743,3
48794,3
48800,3
48813,3
48856,3
48871,1
48875,9
48900,3
48934,3
48944,3
48962,3
48982,3
48991,3
49016,3
49058,8
49129,3
49162,3
49183,3
49190,3
49193,3
49221,3
49233,3
49255,3
49285,3
49317,3
49353,3
52197,9
52656,4
53399,3
53772,9
54152,9
54522,9
57132,1
57188,1
57198,9
57218,1
57246,1
57279,1
57304,1
57316,1
57333,1
57392,1
57395,1
57413,1
57443,1
57509,1
57540,1
57595,1
57645,1
57651,1
57703,1
57754,1
57898,1
57975,1
58012,1
58013,1
58015,1
58072,1
58165,1
58251,1
58265,1
58312,1
58322,1
58328,1
58431,1
58538,1
58569,1
58599,1
58644,1
58756,1
58837,1
58933,1
58973,1
58997,1
59036,1
59046,1
59088,1
59184,1
59240,1
59303,1
59312,1
59350,1
59369,1
59376,1
59460,1
59479,1
59545,1
59945,3
59946,3
59947,3
59950,3
59951,3
59956,3
59957,3
59961,3
59962,3
59972,3
60092,3
60142,3
63020,4
63101,1
63126,9
63129,1
63159,1
63163,1
63285,1
63298,1
63347,1
63365,1
63379,1
63439,1
63446,1
63483,1
63545,1
63570,1
63659,1
63672,1
63673,1
63686,1
63722,1
63745,1
63767,1
63803,1
63821,1
63953,1
63996,1
64006,1
64057,1
64069,1
64110,1
64121,1
64123,7
64124,1
64156,1
64177,1
64179,1
64197,1
64202,7
64229,1
64237,1
64241,1
64288,1
64297,1
64305,7
64334,1
64345,1
64367,1
64425,1
64426,1
64428,1
64463,1
64469,1
64484,1
64489,1
64492,1
64562,1
64577,1
64582,1
64673,1
64702,1
64776,1
64782,7
64817,1
64823,1
64828,1
64836,1
64841,1
64867,1
64895,1
64948,1
64951,1
64956,1
65090,1
65097,1
65120,1
65131,9
65175,1
65181,1
65222,1
65269,1
65280,1
65356,1
65376,1
65384,1
65405,1
65501,1
65504,9
65518,7
65521,1
65526,1
65527,1
65536,1
66836,4
67249,4
69651,7
69714,4
78916,3
82529,9
82537,1
83329,2
86687,3
87783,3
87943,3
87952,9
93224,3
93857,3
95265,9
95820,9
96537,9
96579,8
96833,9
97071,9
97094,9
97997,1
98375,1
98468,1
98500,1
98514,1
98543,3
98548,1
98666,1
98911,1
98914,1
98973,1
99548,3
100144,3
101666,9
101760,9
101808,9
102197,1
102309,1
102699,1
104021,2
104316,2
106133,2
108312,4
112856,9
114065,9
114092,9
114105,9
114132,3
114136,9
114157,9
114193,9
114196,4
114197,9
114203,2
114208,5
114217,9
114457,9
114462,9
114467,9
114505,9
114615,9
114623,9
114649,3
114757,9
114781,3
114785,3
114793,3
114894,9
114923,3
114927,9
115052,9
115145,9
115164,9
115267,9
115285,2
115286,9
115350,3
115398,9
115411,9
115518,3
115524,9
115622,5
115666,2
115726,2
115777,9
115787,9
115793,9
115819,3
115883,9
115900,9
115915,9
115991,9
116127,2
116183,2
116219,9
116237,9
116254,9
116282,9
116293,9
116333,9
116338,9
116383,9
116408,2
116433,3
116523,9
116744,9
117076,9
117862,1
117989,9
118271,9
119016,8
119124,7
122026,9
122579,9
124078,9
124081,9
124112,9
124125,1
124138,9
124148,9
124150,9
124178,9
124274,9
124297,9
124324,9
124348,9
124371,9
124420,9
124445,9
124485,9
124488,9
124516,9
124622,9
124666,9
124684,9
124711,1
124722,9
124806,9
124845,9
124957,9
124985,9
125013,9
125055,9
125057,9
125089,9
125106,1
125127,9
125158,9
125179,9
125197,9
125219,9
125279,1
125283,1
125328,9
125420,9
125430,9
125441,9
125446,9
125467,9
125471,1
125477,9
125498,1
125544,9
125575,9
125587,9
125599,9
125625,9
125626,1
125630,9
125646,9
125760,1
125790,9
125791,9
125800,9
125821,9
125822,9
125873,9
125961,9
125997,9
126007,1
126034,1
126110,9
126134,9
126149,9
126174,9
126178,9
126193,9
126202,1
126217,9
126227,9
126263,9
126267,9
126307,1
126366,9
126383,9
126417,9
126448,9
126450,9
126508,9
126520,1
126547,9
126569,4
126800,8
128028,9
130155,9
130543,3
130592,3
130596,3
130610,3
130613,3
130638,3
130664,3
130725,3
130783,3
130793,1
130804,1
130860,3
130878,3
130975,3
131032,3
131041,3
131132,3
131164,3
131178,3
131182,3
131201,3
131277,3
132471,9
133439,2
133632,9
140063,3
140174,3
140311,9
140599,3
140701,3
140912,3
140997,3
141140,3
141330,3
141510,3
141536,3
141626,3
141703,3
141879,1
142025,1
142217,1
142284,1
142458,1
142485,1
142982,4
143153,1
143219,1
143426,1
143475,4
143573,9
143641,4
143722,1
144089,1
144237,4
144313,4
144342,1
144419,4
144499,1
144603,1
144812,9
144822,1
144823,1
144859,1
144958,9
145036,1
145160,1
145246,4
145250,4
155059,7
169685,3
169886,3
169941,3
169966,3
169999,3
170164,3
170277,3
170302,8
170320,3
170543,7
170740,3
170934,1
171144,3
171208,8
171391,3
171524,3
173604,1
174585,9
177557,1
177570,1
177592,1
177614,1
177631,1
177718,1
177719,1
177912,1
177942,1
177944,1
177953,7
178092,1
178163,1
178174,1
178181,1
186451,5
186533,4
186571,5
186633,5
186656,5
186685,9
186844,5
186921,4
186925,5
187209,4
187258,9
187396,4
187544,7
187874,8
188114,5
188151,4
188296,5
188374,5
192703,2
197692,9
200937,8
203607,7
205714,1
206960,1
206969,1
206999,1
207098,1
207108,1
207115,8
207119,1
207149,1
207150,1
207177,1
207333,1
207379,1
207432,1
207511,1
207584,1
207590,1
207617,1
207634,1
207660,1
207673,1
207709,1
207846,1
207852,1
207901,1
207908,1
207914,1
207952,1
207978,1
207999,1
208034,1
208167,1
208172,1
208479,1
208513,1
208648,9
208713,1
208731,1
208785,1
208800,1
208821,1
208857,1
208877,1
208919,1
209051,1
209057,1
209128,1
209150,9
209167,1
209173,1
209194,1
209672,6
209712,6
209741,6
209839,6
209890,6
209994,6
209999,6
210054,6
210061,6
210523,6
210666,6
210934,9
210937,9
210949,1
210956,3
210958,1
210961,9
210966,9
210967,2
210969,9
210975,3
210979,9
211133,1
211141,1
211142,9
211152,9
211158,9
211166,8
211167,8
213451,4
213856,9
213859,9
213860,9
213861,9
213862,9
213863,9
213864,9
213867,9
213868,3
213871,9
213876,9
213878,9
213880,9
213881,9
213883,9
213890,9
213891,9
213896,9
213898,9
213901,9
215434,9
217109,9
217110,9
217117,4
217128,9
217138,9
217140,9
217145,9
217166,9
217223,2
217523,9
217540,2
218063,9
218163,9
218541,9
219708,2
219827,9
220582,9
220583,9
220584,8
220586,9
220587,9
220589,9
220590,9
220592,9
220593,3
220594,9
220595,9
220596,9
220597,9
220600,9
220601,9
220603,6
220604,9
220607,9
220608,9
220612,9
220617,9
220619,9
220620,9
220621,9
220622,9
220623,9
220625,9
220626,9
220628,9
220838,9
222344,9
223927,9
227428,3
227429,3
227430,2
227431,2
227432,2
227433,3
227434,2
227435,3
227436,2
227438,2
227439,3
227440,9
227442,2
227443,2
227444,3
227445,9
227446,3
227447,3
227448,3
227449,3
227451,2
227452,3
227453,2
227454,2
227455,2
227456,2
227457,2
227458,9
227459,2
227460,2
227461,3
227462,3
227464,3
227468,2
227469,2
227470,2
227472,9
227473,3
227475,2
227476,3
227478,3
227479,3
227497,3
227498,3
227549,9
228035,2
228075,2
228104,2
228166,2
228175,8
228206,8
228215,9
228226,2
228306,1
228869,2
228892,1
228936,1
228952,2
228954,2
228990,1
229013,2
229040,2
229158,2
229162,2
229175,2
229560,2
229571,2
229603,1
229646,2
229692,2
229758,9
229760,2
229763,2
229769,2
229787,2
229788,1
229810,2
230227,9
230316,2
230319,2
230449,2
230458,9
230467,2
230468,2
230469,2
230470,3
230471,9
230472,2
230473,3
230474,3
230475,2
230476,3
230477,2
230478,3
230479,3
230480,2
230481,9
230482,3
230485,2
230486,3
230488,2
230490,2
230491,2
230492,3
230493,2
230495,2
230496,3
230497,2
230499,3
230501,3
230504,3
230505,2
230506,9
230507,9
230508,3
230509,1
230510,2
230511,2
230521,9
230523,9
230532,9
230536,9
230545,9
233988,9
233989,9
233990,9
233994,9
233996,9
234008,9
234009,1
234012,9
234013,9
234016,9
234017,9
234100,9
236631,9
237461,9
237463,9
237465,9
237466,1
237471,9
237473,1
237474,9
237478,9
237485,9
237486,9
237489,9
237490,1
237492,3
237493,9
237494,9
237495,1
237497,9
237501,9
237507,9
237517,9
237519,9
237521,9
237523,9
237524,3
237526,3
237528,3
240195,3
240200,3
240211,3
240227,3
240228,3
240234,3
240237,3
240240,3
240242,3
243516,9
243517,9
243518,9
243519,9
243520,1
243522,1
243524,9
243526,9
243529,9
243532,9
243533,9
243535,9
243536,9
243537,9
243542,9
243543,9
243549,9
243551,9
243557,1
243565,9
243567,1
249583,1
249606,1
249632,1
253113,4
253116,4
253140,9
253217,6
257444,4
264302,3
264911,9
265210,3
265869,3
266294,5
266430,5
266632,5
266814,5
267340,5
267632,5
271874,7
272054,9
273013,9
273483,7
273577,7
278612,2
279354,3
280832,9
281171,2
288006,3
288533,3
289719,1
290632,1
291087,3
293602,2
294518,4
310575,9
311411,9
311494,9
311903,9
314279,9
314829,2
314902,2
318492,1
318719,9
321731,9
322727,3
322777,9
323809,8
323832,8
323848,8
323871,8
323909,8
323916,8
323952,8
323964,8
324165,8
324179,8
324197,8
324214,8
324222,8
324223,8
324230,8
324240,8
324296,8
324297,9
324315,3
324389,8
324401,8
324429,8
324430,8
324481,8
324512,8
324523,8
324714,8
324715,8
324717,8
324745,9
324746,8
324937,8
325034,9
325103,8
325125,8
325127,8
325167,1
325182,8
325269,8
325324,8
325361,1
325388,8
325435,8
325447,8
325482,8
325520,8
325539,8
325682,9
325728,8
325738,1
325830,8
325840,2
325847,8
325937,8
325943,8
325963,8
325976,1
326291,2
326432,3
327607,3
327618,3
327728,3
327778,3
327794,3
330627,1
330633,3
330637,9
330645,3
330654,3
330667,9
330677,9
330706,3
330719,3
330723,9
330726,3
330738,3
330758,3
330769,3
330780,3
330808,3
330827,3
330863,9
330897,9
330904,3
330910,3
330916,9
330922,3
330924,3
330927,3
330932,3
330945,9
330980,3
331015,3
331022,3
331046,3
331047,3
331050,3
331056,3
331065,9
331067,3
331071,1
331075,1
331096,3
331122,3
331137,3
331139,3
334117,2
334127,2
334292,2
342100,9
342308,9
342348,9
342369,9
342383,9
342777,5
342869,9
342884,9
342937,9
345532,9
439148,1
476188,2
486773,4
487546,4
488398,4
489067,4
489392,4
489918,3
489919,1
489943,9
489950,3
489964,9
490014,1
490035,3
490066,9
490093,1
490326,3
490328,3
490409,9
490417,9
490488,3
490517,1
490565,9
490757,3
490761,9
490863,3
505017,7
505501,3
506091,1
528092,9
528362,9
529959,9
536776,9
536871,9
536999,1
537054,1
537055,1
537071,9
537187,1
537229,9
537234,1
537273,1
537289,9
537294,1
537314,9
542245,1
558389,9
582060,2
595047,1
595058,7
595065,9
595068,3
595080,9
595087,1
595090,1
595104,1
595106,1
600427,1
600791,5
600962,1
600982,6
602308,1
603250,1
603277,1
603452,1
603781,1
604286,1
604341,1
604502,1
604510,1
626985,8
627371,8
628428,8
628479,1
628595,7
628780,9
629275,8
629415,7
629608,8
630065,7
630394,8
630399,7
630425,7
630538,8
639414,3
643383,2
643494,2
644000,2
644117,2
644312,2
653043,2
658835,2
668980,3
670232,3
673412,2
690307,1
690334,1
690386,7
690401,9
690501,9
690555,9
690591,9
690627,9
690637,9
690638,1
690668,1
690712,9
690742,1
690769,9
690916,9
690917,9
690918,1
690977,1
690989,9
691041,9
691065,1
691081,9
691091,1
691111,9
691133,1
691235,9
691247,1
691318,1
691350,1
691412,9
691429,9
691479,1
691482,9
691529,1
691531,9
691551,9
691575,1
691579,9
691588,1
691725,1
691793,1
691797,1
691821,1
691861,1
691862,1
691866,1
691867,1
691869,1
691874,9
691957,1
691961,9
691997,1
692039,1
692045,1
692046,1
692080,1
692081,1
692157,9
692166,1
692171,1
692173,1
692188,1
692219,1
692237,1
692274,9
692281,1
692303,1
692450,9
692458,1
692467,9
692511,1
692547,1
692550,1
692551,1
692562,9
692572,1
692581,1
692842,9
692880,9
692891,1
692930,1
692956,9
692989,1
693007,1
693011,1
693017,9
693019,1
693039,1
693053,1
693138,1
693163,1
693190,9
693209,1
693210,1
693211,1
693221,1
693255,1
693301,9
693316,1
693536,1
693544,1
693552,1
693591,1
693639,1
693640,9
693668,9
693670,1
693679,9
693704,9
693705,9
693718,9
693719,1
693734,9
693740,1
693759,9
693908,1
693920,9
693948,1
693955,1
693956,1
693966,9
693980,1
693984,1
693986,9
694025,1
702943,7
703058,7
703676,7
703755,7
703854,7
704368,7
704533,7
714036,2
714518,2
723302,7
723346,7
723368,7
723426,7
723447,7
723459,7
723479,7
723501,7
723949,7
724116,7
724150,7
724616,7
727336,9
775974,3
782177,1
782399,1
782574,1
782785,1
783669,7
783899,1
784319,1
784343,1
784376,1
784442,1
784609,1
784628,1
784876,1
784947,1
791005,8
803904,9
804078,9
805228,9
812946,3
815455,4
822352,2
822698,8
837260,2
867905,3
869970,9
880231,3
894695,2
898583,3
919221,3
919890,3
929213,9
929403,1
929539,2
929658,9
929860,9
930027,9
930058,9
930060,1
930109,9
930160,2
930297,1
930539,2
930540,2
930550,9
930567,9
930674,1
930698,1
930711,9
930907,2
931059,9
931474,9
931607,9
931661,9
931730,9
931836,9
931864,9
932310,1
932847,9
972179,3
996642,1
996644,1
996645,9
996646,9
996647,1
996648,9
996651,1
996664,1
996665,1
996670,1
996671,3
996686,1
996687,1
996688,9
996689,9
996690,1
996691,9
996695,1
996696,1
996709,1
996710,9
996711,1
996712,3
996714,1
996715,1
996716,3
1002505,4
1002552,4
1002575,4
1002598,4
1002601,4
1002602,4
1002605,4
1002613,4
1002641,4
1002927,4
1002943,4
1002979,4
1003052,4
1003082,4
1003103,4
1003113,4
1003118,4
1003127,4
1003130,4
1003148,4
1003190,4
1003192,4
1003277,4
1003301,4
1003377,4
1003416,4
1003529,4
1003531,4
1003677,4
1003706,4
1003770,4
1003775,4
1003804,4
1003826,4
1003871,4
1003884,4
1010200,3
1011101,9
1011163,9
1011183,3
1011187,9
1011226,1
1011287,3
1011298,3
1011332,3
1011343,3
1011364,3
1011416,9
1011426,9
1011526,9
1011539,9
1011575,9
1011597,3
1011601,3
1011610,1
1011615,1
1011618,1
1011620,3
1011638,9
1011679,3
1011730,3
1011752,9
1011758,9
1011806,3
1011821,9
1011895,3
1011931,9
1011975,9
1011980,9
1012002,9
1012050,9
1012070,3
1012120,3
1012144,9
1012148,9
1012165,9
1012193,9
1012209,3
1012212,3
1012213,3
1012222,1
1012285,3
1012298,9
1012305,9
1012328,9
1012329,3
1012348,9
1012350,1
1012371,9
1012409,9
1012492,9
1012511,9
1012546,3
1012588,9
1012590,3
1012592,3
1012594,9
1012659,9
1012669,1
1012673,9
1012684,9
1012685,9
1012689,9
1012696,9
1012697,1
1012818,9
1012844,3
1012847,3
1012869,3
1012901,9
1012958,9
1013010,3
1013027,3
1013033,1
1013082,9
1013105,9
1013107,9
1013136,3
1013164,3
1013177,9
1013179,1
1013189,1
1013275,1
1013295,9
1013316,3
1013366,1
1013367,3
1013382,9
1013453,3
1013473,3
1013474,3
1013486,3
1013546,3
1013581,3
1018139,9
1022831,9
1032552,2
1040896,2
1041432,2
1041460,2
1042515,7
1042548,7
1043033,7
1043538,7
1043802,7
1043946,7
1048799,1
1077033,9
1089564,9
1089577,9
1089585,1
1089604,1
1089622,1
1089639,1
1089658,1
1089684,1
1089685,1
1089691,9
1089692,9
1089694,9
1089711,9
1089718,9
1089722,3
1089727,1
1091691,9
1124880,2
1141098,2
1165671,9
1171618,9
1176975,7
1177416,7
1178083,7
1183330,9
1184519,7
1202043,9
1206947,1
1206948,1
1206950,3
1206954,9
1206968,1
1206972,9
1206982,1
1206987,1
1206988,1
1206990,1
1206991,9
1206992,9
1207004,1
1207019,1
1207022,1
1207023,1
1207027,1
1207032,9
1207036,1
1207043,9
1207044,1
1207045,1
1207058,1
1207059,1
1207074,9
1207102,1
1207116,1
1207128,9
1207129,3
1207134,1
1207135,1
1207142,9
1207170,1
1207174,1
1207193,1
1207248,1
1207266,1
1207268,1
1207315,1
1207318,1
1207365,1
1207370,1
1207377,1
1207393,1
1207396,1
1207417,1
1207419,1
1207430,1
1207438,1
1207455,1
1207479,1
1207485,1
1207492,1
1207496,1
1207545,1
1207548,1
1207553,1
1207559,1
1207564,1
1207569,1
1256195,9
1256196,9
1256198,9
1256200,9
1256201,9
1256204,9
1256207,9
1256209,9
1256210,9
1256211,9
1256213,9
1256214,9
1256215,9
1256216,9
1257409,9
1260431,9
1260434,9
1260451,9
1260456,9
1304694,3
1308650,2
1308936,2
1309554,2
1319914,5
1319916,1
1319928,9
1374077,7
1374595,2
1374667,2
1384043,2
1394856,9
1408223,7
1408265,7
1408949,7
1411694,1
1412136,1
1413191,1
1421953,9
1422372,9
1423011,1
1442513,1
1474542,2
1475035,9
1475154,9
1475176,9
1480937,2
1480938,2
1480939,9
1480940,2
1480941,2
1480942,3
1480943,9
1480947,2
1480948,2
1480949,2
1480951,1
1480952,2
1480953,2
1480956,2
1480957,3
1480961,2
1480966,3
1480967,2
1480970,3
1480971,2
1480972,9
1480973,2
1480991,2
1480992,9
1480995,2
1480996,3
1480998,2
1481000,2
1481001,2
1481002,2
1481005,9
1481006,2
1481008,3
1481011,3
1481014,2
1481015,2
1481016,3
1481017,2
1481018,2
1481019,6
1481020,2
1481021,2
1481022,2
1481030,3
1481032,2
1489466,5
1490029,5
1490312,5
1495769,5
1495924,7
1495959,3
1495963,2
1496012,1
1496156,7
1500703,7
1500743,7
1500769,7
1500793,7
1500797,7
1500929,7
1500967,7
1501010,7
1501029,7
1501053,7
1501125,7
1501177,7
1501205,7
1501206,7
1501212,7
1501270,7
1501383,7
1501385,7
1501395,7
1501409,7
1501424,7
1501749,7
1502528,7
1502801,7
1503310,1
1503365,1
1503389,1
1503414,1
1503455,9
1503579,1
1503662,1
1503704,1
1503855,1
1503972,1
1504715,1
1504733,1
1504768,9
1504775,9
1504844,1
1504868,9
1504880,1
1504886,1
1504889,1
1504940,9
1505009,1
1505101,1
1505121,9
1505124,9
1505153,1
1505177,1
1505186,1
1505230,9
1505263,9
1505285,1
1505296,1
1505314,9
1505414,9
1505427,1
1505470,1
1505518,1
1505567,9
1505619,9
1505620,1
1505641,1
1505666,1
1505696,1
1506829,7
1512877,7
1515523,7
1524327,5
1524897,8
1525168,8
1525846,8
1526264,7
1526311,7
1526471,7
1526478,7
1526490,7
1526505,7
1526721,8
1534464,1
1539151,8
1558292,8
1560180,8
1572032,6
1574485,6
1581699,5
1584171,5
1584772,5
1584927,5
1591938,7
1592115,7
1592159,7
1592268,7
1592482,7
1592665,7
1592917,7
1592999,7
1593141,7
1593304,7
1593561,7
1593594,7
1593599,7
1593604,7
1593605,7
1594044,7
1594063,7
1594092,7
1594146,7
1596132,1
1628574,7
1629026,7
1629103,8
1629234,7
1629597,7
1629611,7
1629987,8
1630018,7
1630074,7
1630075,8
1630076,8
1630172,8
1630331,7
1630337,9
1630401,7
1630496,7
1630533,7
1630580,9
1630674,7
1630751,1
1630775,7
1630828,7
1630848,1
1630910,3
1631023,7
1636900,6
1637264,6
1641024,9
1641698,1
1641806,1
1642088,1
1642236,1
1642766,1
1652438,3
1653265,5
1653820,5
1655001,3
1673286,5
1677015,5
1680360,5
1680915,5
1681582,9
1681786,5
1681801,3
1681806,5
1681927,5
1689614,1
1689800,1
1689861,1
1689945,1
1689965,1
1689972,1
1689974,1
1690063,1
1690068,1
1690127,1
1690132,1
1690290,1
1690637,1
1690824,1
1691268,1
1691292,1
1691693,5
1691980,1
1692357,1
1692437,1
1692521,1
1692579,1
1695821,5
1697241,5
1698370,5
1706626,9
1710621,7
1715395,8
1722937,7
1724457,5
1731403,8
1731598,1
1731629,1
1731700,1
1731821,1
1731886,1
1731925,1
1731935,1
1731990,1
1732124,1
1732195,1
1732389,1
1732393,1
1732744,1
1732839,1
1732951,1
1732994,1
1733118,1
1733188,1
1733340,1
1733437,1
1733562,1
1733774,1
1733842,1
1734157,1
1734158,1
1734176,1
1734188,1
1734296,1
1734299,1
1734340,1
1734371,1
1734373,1
1734404,8
1734432,4
1734436,4
1734437,4
1734439,4
1734445,4
1734472,4
1734482,4
1734497,4
1734502,4
1734504,4
1734517,4
1734529,4
1734532,4
1734534,4
1734541,4
1734548,4
1734552,4
1734561,4
1734582,4
1734583,4
1734591,4
1734618,4
1734622,4
1734629,4
1734631,4
1734638,4
1734640,4
1734651,4
1734652,4
1734656,4
1734659,4
1734675,4
1734699,4
1734706,4
1734710,4
1734722,4
1734740,4
1734756,4
1734773,4
1734776,4
1734780,4
1734786,4
1734796,4
1734871,4
1734876,4
1734878,4
1734881,4
1734883,4
1734896,4
1734937,4
1734948,4
1734956,4
1734970,4
1734972,4
1735006,4
1735008,4
1735019,4
1735021,4
1735027,4
1735035,4
1735044,4
1735059,4
1735071,4
1735100,4
1735112,4
1735124,4
1735129,4
1735141,4
1735148,4
1735149,4
1735173,4
1735195,4
1735233,4
1735238,4
1735251,4
1735257,4
1735260,4
1735265,4
1735268,4
1735270,4
1735275,4
1735277,4
1735284,4
1735308,4
1735311,4
1735318,4
1735346,4
1735357,4
1735363,4
1735373,4
1735399,4
1735428,4
1735441,4
1735445,4
1735446,4
1735458,4
1735470,4
1735479,4
1735492,4
1735500,4
1735547,2
1735599,4
1735600,4
1735601,4
1735606,4
1735610,4
1735645,4
1735651,4
1735671,4
1735674,4
1735701,4
1735707,4
1735729,4
1735740,4
1735866,4
1735868,4
1735870,4
1735896,3
1736000,4
1736026,4
1736032,4
1736057,4
1736085,4
1736093,4
1736174,4
1736175,4
1736178,4
1736204,4
1736227,4
1736233,4
1736241,5
1736243,4
1736337,4
1736367,4
1736479,1
1736525,4
1736629,4
1736662,4
1736668,4
1736699,4
1736739,4
1736740,4
1736745,4
1736851,4
1738261,4
1748068,4
1757811,5
1762285,5
1762764,7
1762981,7
1763378,3
1764404,7
1764573,7
1765552,1
1788621,4
1789125,4
1789539,4
1789822,4
1789898,4
1790259,4
1790271,4
1790346,4
1803001,7
1806488,5
1812628,3
1815782,4
1829328,5
1829436,5
1829610,2
1840398,3
1840455,5
1840564,5
1841148,5
1841225,5
1841291,5
1841424,5
1841760,8
1842468,5
1842554,5
1842766,5
1843344,5
1845100,5
1846704,1
1846839,1
1847238,1
1849733,8
1849735,8
1862518,1
1864920,5
1880815,3
1883665,4
1885230,4
1885516,4
1885637,4
1885869,4
1886287,4
1886827,4
1893583,3
1922522,8
1922551,8
1922662,8
1922771,5
1923099,1
1923185,8
1923410,8
1923530,8
1923579,4
1923963,9
1924175,8
1924188,8
1924225,8
1924260,8
1924265,8
1924309,4
1924341,9
1924479,8
1924682,4
1924947,5
1925086,2
1925088,8
1925101,8
1925274,8
1925356,4
1926688,4
1934539,4
1939985,7
1940310,1
1940465,8
1941146,1
1941190,8
1948572,3
1952212,4
1954557,1
1954632,5
1954637,1
1957982,5
1970328,9
1972407,1
1973330,1
1973389,1
1973839,7
1974076,9
1974315,1
1976285,1
1985464,2
1986564,2
1986716,5
1987243,5
1987432,5
1998668,9
2005672,1
2005677,5
2006038,5
2006440,5
2007483,9
2008119,7
2008468,9
2010438,3
2010440,3
2010442,3
2010445,3
2010458,3
2010467,3
2010468,3
2010470,3
2010471,3
2010472,3
2010474,3
2010478,3
2010479,1
2010481,3
2010486,3
2010492,3
2010495,1
2010497,3
2010500,3
2010501,3
2010508,3
2010512,3
2010520,3
2010521,3
2010529,3
2010533,3
2010535,3
2010537,3
2010538,3
2010539,9
2010541,3
2010545,3
2010546,3
2010548,3
2010549,3
2010553,3
2010557,3
2010564,9
2010568,3
2010570,3
2010571,3
2010591,9
2010648,9
2010653,3
2010662,3
2010668,3
2010688,3
2010778,3
2010792,3
2010838,3
2010845,3
2010849,3
2010886,3
2010903,3
2011774,4
2012450,7
2013127,7
2014534,8
2016961,8
2017924,2
2021173,9
2024044,2
2034791,7
2071953,4
2072129,8
2076040,4
2079154,4
2087389,3
2089796,9
2089833,2
2089991,5
2090162,7
2090165,8
2090192,9
2090198,8
2090201,8
2090255,2
2090272,8
2090345,8
2090563,1
2090596,9
2090651,7
2090661,9
2090838,2
2090867,2
2090979,5
2091051,8
2091324,8
2091389,9
2091523,7
2091591,7
2091896,7
2092230,7
2092235,7
2092243,7
2092870,8
2093102,8
2093186,7
2093576,7
2093687,7
2093971,7
2094071,8
2094172,8
2094199,8
2094442,7
2094922,7
2096174,4
2096196,4
2109784,2
2110990,7
2114611,5
2115680,2
2127832,4
2128251,4
2128706,4
2128713,4
2128727,4
2128775,4
2129102,4
2129396,4
2129498,4
2129637,4
2130085,1
2130094,3
2130354,7
2131239,7
2131245,7
2131660,7
2131691,7
2131996,7
2132038,1
2132056,1
2132060,1
2132061,1
2132064,1
2132068,1
2132070,1
2132077,3
2132079,1
2132082,1
2132084,3
2132114,3
2132117,1
2132119,3
2132123,7
2132130,1
2132133,1
2132149,1
2132154,1
2167827,2
2177427,7
2177539,5
2177566,1
2177576,1
2177580,1
2177591,7
2177598,1
2177607,7
2177616,7
2177618,1
2177629,1
2177635,7
2177646,1
2177650,1
2177651,7
2177721,1
2177726,9
2177751,1
2177753,1
2177756,5
2185155,4
2185166,7
2185173,4
2185331,4
2185340,7
2185350,4
2187897,4
2187927,5
2187947,5
2187952,5
2187958,5
2187986,5
2187987,7
2188064,5
2188089,5
2188096,7
2188108,5
2188133,7
2188147,7
2188205,5
2188216,5
2188224,7
2188241,5
2188270,5
2188298,5
2188313,7
2188317,7
2188325,5
2188331,5
2188333,7
2188370,7
2188376,5
2188396,5
2188450,5
2188495,5
2188504,5
2188543,5
2188560,7
2188592,7
2188634,7
2188643,7
2188657,5
2188680,5
2188706,7
2188714,5
2188723,7
2188814,7
2188826,7
2188870,5
2188871,7
2188877,7
2188984,7
2189011,7
2189023,5
2189026,5
2189137,5
2189139,5
2189226,5
2189243,7
2189272,5
2189288,5
2189314,5
2189327,5
2189362,7
2189376,7
2189385,7
2189391,7
2189433,5
2189451,5
2189579,7
2189615,7
2189618,5
2189662,7
2189668,5
2189671,5
2189672,5
2189729,7
2189745,5
2189792,5
2189816,5
2189875,7
2189880,5
2189887,7
2189925,5
2189951,5
2189960,5
2189975,5
2189984,7
2189985,5
2189987,5
2190006,5
2190048,5
2190085,5
2190105,5
2190125,7
2190133,5
2190168,5
2190184,7
2190275,5
2190314,7
2190326,5
2190343,5
2190404,7
2190412,7
2190414,5
2190472,5
2190518,5
2190521,7
2190530,5
2190540,7
2190651,7
2192587,9
2192705,9
2193626,1
2195534,7
2203807,7
2217769,8
2218860,9
2219444,9
2219502,7
2220089,5
2225247,4
2225711,5
2232886,4
2232929,4
2232999,4
2233013,4
2233047,4
2233056,4
2234409,5
2237519,7
2237520,7
2237532,4
2237677,7
2237770,7
2237853,7
2237919,7
2237997,7
2238021,7
2238054,7
2238136,7
2238175,7
2238660,7
2238684,7
2238765,7
2238821,7
2238881,7
2238999,7
2239169,7
2239473,7
2239680,7
2251340,9
2252567,7
2255600,1
2256135,1
2256291,1
2256308,1
2256392,1
2256903,1
2256927,1
2257422,1
2258275,7
2259266,7
2266193,5
2268041,7
2269734,9
2270868,7
2270873,9
2271264,7
2271430,7
2276781,1
2281717,5
2281737,5
2281777,5
2281821,5
2282098,7
2282288,5
2282310,9
2282311,5
2286680,7
2290476,7
2290616,7
2290771,7
2290878,7
2293763,7
2294495,9
2295394,8
2300994,4
2305020,7
2305128,7
2305411,7
2305480,7
2305568,8
2305632,7
2305665,7
2305666,7
2305710,7
2305742,7
2305786,7
2305829,8
2305898,8
2306657,9
2306723,1
2306922,9
2307411,1
2307440,9
2307630,1
2307654,4
2307805,9
2307858,9
2312086,7
2312092,7
2312104,7
2312118,7
2312128,7
2312142,7
2312157,7
2312297,7
2312358,1
2312501,7
2312560,7
2312566,7
2312690,7
2312779,7
2312785,7
2312811,7
2312828,1
2312856,1
2312876,4
2312882,7
2312886,1
2312893,7
2312914,7
2312924,7
2312964,7
2313003,7
2313100,1
2313141,7
2313204,1
2313240,7
2313265,1
2313297,7
2313509,1
2313672,1
2313674,1
2313702,1
2313786,1
2314118,1
2314149,7
2314168,1
2314790,4
2315132,4
2318555,4
2319375,4
2319804,9
2320172,7
2320197,7
2320237,7
2320301,9
2320304,7
2320538,7
2320607,9
2320641,7
2320814,7
2320846,9
2321366,7
2321567,9
2324250,7
2328928,3
2329192,1
2329563,1
2329611,1
2329620,1
2329650,1
2329657,1
2329754,1
2329840,1
2329904,1
2329935,1
2330119,1
2330126,1
2330148,1
2330583,1
2330823,1
2331017,1
2331217,1
2331283,1
2331446,1
2331487,1
2331620,1
2331744,1
2331750,1
2333820,4
2336036,4
2338428,4
2341193,7
2343311,7
2347534,2
2347961,3
2348545,4
2350219,4
2350319,4
2350801,4
2353907,4
2355502,4
2357463,4
2359161,7
2360702,4
2360929,7
2360974,7
2361372,9
2361968,9
2362045,9
2362056,9
2362207,9
2362293,9
2362446,9
2362600,9
2362736,4
2364704,4
2365062,2
2365542,5
2365591,7
2366213,5
2366709,2
2368936,4
2373160,5
2376753,5
2377938,5
2378936,5
2379480,5
2380369,7
2386021,3
2389762,4
2390460,4
2390621,4
2393680,4
2393690,4
2393948,3
2395608,4
2404939,4
2404945,4
2404948,4
2405123,7
2405219,7
2405271,7
2405531,3
2405611,4
2405636,4
2405637,4
2405648,4
2405706,4
2405708,4
2405737,4
2405742,4
2405805,4
2405844,4
2406594,9
2408501,8
2408567,8
2408643,8
2408691,8
2408816,8
2408913,8
2408949,8
2408984,1
2409094,9
2409121,4
2409148,8
2409246,8
2409271,9
2409470,8
2409675,8
2410730,7
2415142,1
2416618,7
2416649,7
2416650,7
2416735,7
2416736,7
2416759,9
2416770,7
2417069,2
2417113,4
2417228,2
2417276,2
2417741,2
2417862,7
2417888,5
2418004,5
2418194,7
2418211,1
2418615,9
2419693,5
2421423,5
2421792,8
2421810,8
2421813,8
2421818,8
2421848,8
2421857,8
2421860,8
2421876,8
2421897,4
2421911,8
2421916,8
2421934,8
2421970,4
2421979,8
2421996,8
2421999,9
2422028,8
2423107,3
2423280,7
2423547,7
2424597,7
2424912,7
2424963,7
2425073,7
2425108,5
2425318,7
2426237,7
2428441,8
2428462,9
2428516,9
2428518,9
2429380,9
2429612,9
2429643,3
2429743,9
2429758,3
2429779,3
2429853,9
2429925,3
2430021,8
2430057,9
2430067,9
2430072,9
2430096,3
2430114,8
2430126,3
2430394,3
2430532,9
2430537,3
2430618,9
2430644,3
2430713,9
2431151,5
2431341,5
2431714,3
2431760,5
2432026,5
2432112,9
2432481,4
2432514,4
2432534,4
2432653,7
2432672,9
2432700,2
2432852,3
2432891,3
2433077,4
2433394,1
2433579,4
2435736,3
2435883,7
2435902,3
2435909,3
2435930,1
2435937,3
2435955,3
2435965,3
2435973,9
2436050,3
2436054,2
2436066,2
2436110,5
2436131,9
2436157,5
2436247,7
2436251,3
2436398,1
2436810,1
2436812,1
2437307,1
2437396,2
2437441,3
2437448,3
2437453,3
2437470,3
2437512,2
2437514,3
2437823,3
2437842,3
2437863,2
2437917,2
2437919,3
2438094,7
2438179,2
2438520,1
2438809,1
2439190,7
2440028,1
2440380,3
2440508,9
2440748,2
2444234,1
2444259,1
2444443,1
2444771,1
2444813,1
2444816,1
2445043,1
2445168,1
2445180,1
2445193,9
2445293,1
2445345,1
2445352,1
2445500,1
2445657,9
2445812,1
2445870,1
2445895,1
2445930,1
2446134,9
2446205,1
2446325,1
2446336,9
2446359,1
2446366,1
2446515,9
2446524,1
2446541,1
2446602,1
2446650,1
2446778,1
2446962,1
2447011,1
2447193,1
2447197,1
2447254,1
2447257,1
2447288,1
2447295,1
2447409,1
2447417,1
2447446,1
2447863,5
2448232,7
2448859,7
2450431,5
2450768,2
2451340,7
2455641,3
2455648,3
2455959,3
2456004,3
2456110,3
2456157,3
2456316,3
2456342,3
2456911,3
2456934,3
2457347,3
2457482,3
2457506,2
2457575,3
2457579,3
2457740,3
2457792,3
2457802,3
2457803,7
2457871,3
2457904,7
2457921,7
2458017,9
2458049,3
2458089,2
2458132,3
2459506,5
2459539,5
2459681,7
2461431,9
2461616,1
2466012,9
2467816,9
2468060,1
2483196,4
2483290,2
2483589,4
2483718,4
2495568,9
2495569,9
2495571,9
2495573,9
2495574,2
2511008,3
2513396,9
2514694,3
2515192,3
2515459,9
2516534,9
2516579,3
2516779,9
2516926,9
2517951,2
2518240,7
2518811,2
2520268,2
2520797,2
2534146,9
2534226,8
2534416,9
2534441,8
2534499,8
2534625,8
2534646,9
2534676,3
2534727,9
2535129,9
2535222,8
2535277,9
2535491,8
2535744,8
2535804,8
2536678,8
2536970,8
2536980,8
2537301,8
2540680,9
2540715,9
2540788,3
2540817,9
2540829,9
2540853,3
2540878,3
2540943,9
2540958,9
2540965,9
2541032,9
2541045,9
2541104,3
2541134,9
2541242,9
2541385,3
2541485,9
2541563,3
2541606,9
2541626,3
2541672,9
2541702,3
2541810,9
2541840,9
2541852,3
2541865,9
2541879,9
2541924,9
2541998,9
2542035,9
2542178,9
2542191,9
2542420,9
2542467,3
2542522,9
2542569,9
2542605,3
2542702,3
2542819,9
2542976,9
2543090,9
2543121,9
2543142,9
2543214,3
2543353,3
2543390,3
2555440,1
2555451,1
2555505,1
2555834,1
2557229,1
2557737,1
2557789,1
2561353,8
2561623,8
2562193,8
2562313,8
2562343,8
2562348,8
2562431,8
2562555,8
2562620,8
2562678,8
2562739,8
2562817,8
2563385,8
2563572,8
2575243,7
2575577,9
2575625,9
2575652,9
2575828,9
2575944,3
2576294,3
2576741,9
2576864,3
2576978,9
2589818,1
2590293,8
2591435,9
2592024,9
2592130,9
2592262,8
2592533,8
2592536,9
2592570,8
2592595,9
2592606,9
2592627,9
2592674,7
2592734,8
2592798,9
2592824,9
2592849,9
2592899,9
2592913,9
2593021,9
2593077,9
2593095,9
2593270,9
2593754,4
2593757,3
2593759,3
2593800,3
2593825,9
2593843,4
2597467,5
2597468,5
2597469,5
2597470,5
2597490,1
2597494,5
2597495,5
2597497,5
2597499,5
2597512,5
2597513,4
2597515,5
2597517,5
2597518,5
2597519,5
2597520,5
2597521,5
2597522,5
2597523,5
2597524,5
2597525,5
2597526,5
2597528,5
2597529,1
2597531,5
2597532,1
2597537,5
2597539,5
2597545,5
2597546,5
2597550,5
2597551,5
2597552,5
2597554,4
2597556,5
2597557,5
2597559,5
2597562,5
2597563,5
2597566,5
2597567,5
2597568,5
2597570,1
2597572,5
2597577,5
2597587,1
2597588,5
2597589,5
2597605,5
2597607,4
2597609,5
2597614,1
2597622,1
2597627,5
2597656,1
2597666,5
2597672,5
2597688,5
2600731,1
2600746,1
2600763,8
2600769,5
2600776,5
2600778,5
2600794,1
2600805,5
2600813,1
2600818,5
2600825,5
2600835,5
2600846,1
2600849,1
2600857,5
2600876,1
2600889,5
2600891,5
2600910,5
2600918,5
2600935,1
2600937,5
2600942,5
2600951,1
2600959,1
2600977,5
2600978,1
2600989,5
2600997,5
2600998,1
2600999,1
2601009,5
2601017,1
2601023,5
2601032,5
2601036,8
2601038,5
2601061,5
2601074,5
2601079,5
2601081,1
2601084,1
2601089,1
2601097,1
2601103,1
2601112,1
2601121,1
2601128,1
2601130,1
2601135,1
2604507,7
2604551,7
2604861,7
2604871,7
2604909,7
2604939,7
2604958,7
2605296,7
2605302,7
2605461,4
2605479,2
2605494,4
2605572,9
2605676,4
2605700,4
2605847,3
2605851,3
2605857,3
2605858,3
2605860,3
2605864,3
2605870,3
2605872,3
2605873,3
2605875,3
2605876,3
2605877,3
2605887,3
2605890,3
2605891,3
2605892,3
2605893,3
2605895,3
2605896,3
2605907,3
2605908,3
2605911,3
2606896,7
2608017,9
2608171,7
2608218,3
2608221,3
2608533,1
2608734,7
2608820,4
2608835,7
2608857,7
2609028,4
2609325,7
2609916,7
2609927,4
2610357,7
2610462,7
2610496,8
2610584,4
2610669,8
2610786,4
2610804,8
2611729,9
2612768,7
2612948,7
2613339,1
2614092,2
2616174,2
2616417,3
2616422,2
2616424,2
2616429,9
2616436,9
2616437,1
2616438,3
2616441,2
2616448,1
2616468,3
2616483,9
2616484,9
2617133,9
2617134,9
2617137,9
2617138,2
2617141,2
2617233,9
2617236,2
2617237,2
2617240,9
2617243,2
2617245,2
2617246,9
2617247,9
2617249,2
2617250,9
2617251,9
2617253,9
2617259,9
2621405,2
2621415,3
2621433,9
2621436,1
2621502,9
2621510,3
2621511,9
2621546,3
2621547,9
2621554,9
2621555,3
2621620,3
2621663,9
2621674,3
2621677,3
2621681,9
2621710,9
2621711,9
2621725,9
2621726,9
2621728,1
2621731,9
2621732,1
2621750,1
2621758,1
2621762,1
2621774,3
2621868,3
2621872,3
2621875,3
2623285,8
2624611,8
2624620,3
2624621,9
2624638,2
2624653,1
2628556,7
2628600,7
2629143,1
2629175,1
2629176,1
2629177,1
2629235,7
2629505,7
2629530,7
2629732,7
2629759,7
2631980,9
2632207,9
2632210,9
2632211,9
2632256,2
2632259,2
2632264,9
2632279,9
2632289,9
2632295,9
2632301,1
2632326,9
2632438,9
2632748,3
2632764,9
2633064,3
2633225,3
2633229,3
2633433,7
2633461,4
2633592,9
2633688,4
2633732,3
2633829,3
2633830,3
2634042,3
2634150,3
2634213,3
2634347,3
2634515,3
2634744,4
2634845,2
2634862,3
2635335,8
2636783,8
2637453,8
2638757,9
2639087,9
2639154,3
2639513,2
2640410,7
2643329,1
2643338,1
2643342,1
2643666,1
2643705,1
2644895,1
2644903,2
2646287,9
